{
  "name" : "reusableOffice365Login",
  "displayName" : "reusableOffice365Login",
  "type" : "oauth2",
  "version" : "1.0",
  "metaPreference" : -1,
  "config" : "{\"client_authentication\":{\"authentication_scheme\":\"header\",\"client_secret\":\"Enter_Client_Secret\",\"client_id\":\"Enter_Client_Id\"},\"authentication_scheme\":\"header\",\"additional_data\":{\"refresh_request\":[],\"revoke_request\":[],\"profile_request\":[],\"authorize_request\":[],\"token_request\":[]},\"grant_type\":\"authorization_code\",\"auth_type\":\"oauth2\",\"dependent_providers\":[],\"logout_url\":\"\",\"token_endpoint\":\"https://login.microsoftonline.com/f555833e-47a1-472c-80fc-8e0669657fd0/oauth2/token\",\"oauthProviderType\":\"default\",\"authorization_endpoint\":\"https://login.microsoftonline.com/f555833e-47a1-472c-80fc-8e0669657fd0/oauth2/authorize\",\"profile\":{\"request_method\":\"GET\",\"profile_attribute_selectors\":{\"first_name\":\"\",\"email\":\"\",\"federation_id\":\"\",\"last_name\":\"\",\"custom_profile_attribute_selectors\":{}},\"endpoint\":{\"location\":\"\",\"value\":\"\",\"type\":\"none\"}}}",
  "policyConfig" : "{\"max_login_fail\":5,\"def_user_status\":\"pending\"}",
  "admissionPolicy" : "no_approval_needed",
  "ssoenabled" : false
}