{
  "name" : "reusableLinkedinLogin",
  "displayName" : "reusableLinkedinLogin",
  "type" : "oauth2",
  "version" : "1.0",
  "metaPreference" : -1,
  "config" : "{\"client_authentication\":{\"authentication_scheme\":\"form\",\"client_secret\":\"Enter_Client_Secret\",\"client_id\":\"Enter_Client_Id\"},\"authentication_scheme\":\"header\",\"additional_data\":{\"refresh_request\":[],\"revoke_request\":[],\"profile_request\":[{\"source\":\"constant\",\"value\":\"json\",\"in\":\"query\",\"key\":\"format\"}],\"authorize_request\":[],\"token_request\":[]},\"scope\":\"r_basicprofile r_emailaddress\",\"grant_type\":\"authorization_code\",\"auth_type\":\"oauth2\",\"dependent_providers\":[],\"logout_url\":\"\",\"token_endpoint\":\"https://www.linkedin.com/oauth/v2/accessToken\",\"oauthProviderType\":\"linkedin\",\"authorization_endpoint\":\"https://www.linkedin.com/oauth/v2/authorization\",\"profile\":{\"request_method\":\"GET\",\"profile_attribute_selectors\":{\"first_name\":\"firstName\",\"email\":\"emailAddress\",\"federation_id\":\"id\",\"last_name\":\"lastName\",\"custom_profile_attribute_selectors\":{}},\"endpoint\":{\"location\":\"url\",\"value\":\"https://api.linkedin.com/v1/people/~:(id,first-name,last-name,email-address)\",\"type\":\"direct\"}}}",
  "policyConfig" : "{\"max_login_fail\":5,\"def_user_status\":\"pending\"}",
  "admissionPolicy" : "no_approval_needed",
  "ssoenabled" : false
}